<?xml version='1.0' encoding='UTF-8' ?>
<timeLogEntries>
  <time id="1" path="/Non Project/PSP Fundamentals &amp; Advanced/Program 1/Planning" start="@1486227088913" delta="27" />
  <time id="3" path="/Non Project/PSP Fundamentals &amp; Advanced/Program 1/Design" start="@1486242092897" delta="23" comment="Refrigerio." />
  <time id="4" path="/Non Project/PSP Fundamentals &amp; Advanced/Program 1/Design" start="@1486245284721" delta="38" />
  <time id="5" path="/Non Project/PSP Fundamentals &amp; Advanced/Program 1/Code" start="@1486247629202" delta="28" interrupt="4" comment="Fui al baño." />
  <time id="6" path="/Non Project/PSP Fundamentals &amp; Advanced/Program 1/Code" start="@1486250011739" delta="67" interrupt="14" comment="Me toco atender un problema con mi hijo, el cual pintó las cortinas con las acuarelas nuevas de la lista escolar." />
  <time id="7" path="/Non Project/PSP Fundamentals &amp; Advanced/Program 1/Compile" start="@1486254948070" delta="25" />
  <time id="8" path="/Non Project/PSP Fundamentals &amp; Advanced/Program 1/Test" start="@1486258462335" delta="5" />
  <time id="9" path="/Non Project/PSP Fundamentals &amp; Advanced/Program 1/Postmortem" start="@1486258772378" delta="8" />
</timeLogEntries>
